ct,name,class,z,N_HI,flag,Q,L_UV,SI_UV,n_rad,fit,L_21,TO,SI,L_21ssd,TOssd,thick,thin
1,PKS0001-111,G,1.47401,17.9,non,52.644,20.15,-4.840211532129106,6,1,27.615,6.927,-0.778,,,,
2,B20003+38A,Q,0.229,18.55,det,54.668,21.423,-0.8587002068955052,13,1,25.996,9.355,-0.012,,,,
3,GALEXMSCJ000319.43+212946.0,Q,0.452,19.61,non,,,,27,2,-113.515,9.87,28.24,,10.06,0.811,-1.773
4,WISEAJ000353.27+121024.0,R,0.763244,17.87,non,,,,5,1,,10.993,-0.613,,,,
5,4C+40.01,G,0.255,18.4,non,54.416,21.099,-0.7267417477344044,22,1,,10.461,-0.352,,,,
6,GB6J0021+7312,G,0.821,17.71,non,,,,7,2,,9.21,,,9.453,0.526,-0.952
7,4C+00.02,G,0.305,18.19,non,53.2,20.127,-1.2750737854579712,24,2,,8.61,,,9.571,-0.027,-1.354
8,PKS0022-423,Q,0.937,18.05,non,,,,18,2,,9.59,,,9.729,0.895,-1.407
9,PKS0023-26,G,0.32162,18.36,det,53.02,20.272,-2.696051664786636,31,2,,8.14,,,9.03,0.109,-0.94
10,WISEAJ003058.28+011559.5,R,0.3748,18.22,non,,,,6,1,,6.163,-0.749,,,,
11,MRC0030-220,Q,0.806,18.62,non,55.384,22.268,-1.156055307324951,6,1,,6.938,-0.795,,,,
12,MRSS473-022361,Q,0.333,18.28,non,54.644,21.693,-1.6909706747413964,6,1,,6.818,-0.817,,,,
13,B20032+27,V,2.9642,18.79,non,,,,12,2,,8.95,,,10.661,-0.198,-0.885
14,B20032+30,G,0.1744,18.06,non,,,,6,1,,6.905,-1.024,,,,
15,MRC0035-231,G,0.685,18.3,non,,,,6,2,,8.04,,,8.785,0.051,-1.377
16,3C017,G,0.21968,17.67,non,54.543,21.363,-0.998196162156075,31,1,,-65.84,-0.743,,,,
17,B30035+413,Q,1.353,18.14,non,56.015,22.685,-0.7069051853951166,17,2,,9.57,,,10.468,0.157,-1.0
18,4C+36.01,q,0.366,17.97,non,54.759,21.506,-0.8427320471735011,12,1,,14.818,-0.589,,,,
19,PKS0035-216,G,0.338,17.23,non,,,,10,2,,8.75,,,9.06,0.422,-0.855
20,PKS0039-44,G,0.346,18.43,non,54.593,21.508,-1.2403116655270607,16,1,,6.915,-0.899,,,,
21,MRC0042-248,Q,0.807,18.41,non,,,,6,1,,2.559,-0.822,,,,
22,MRC0050-222,G,0.654,18.22,non,,,,7,1,,6.544,-0.795,,,,
23,MRC0058-229,G,0.706,18.69,non,,,,7,1,,-29.127,-0.908,,,,
24,3C032,G,0.4,17.88,non,,,,17,1,,7.469,-1.074,,,,
25,MRC0106-233,Q,0.818,18.54,non,55.537,22.478,-1.3192484382998095,8,1,,3.221,-0.712,,,,
26,WISEJ011327.00+494824.0,Q,0.389,17.78,non,55.475,22.269,-0.9375320630793424,15,1,,10.702,-0.131,,,,
27,OC+314,G,0.66847,19.36,det,,17.056,0.5429373988462445,50,2,,9.9,,,9.839,1.477,-1.158
28,4C+07.04,R,0.343,17.18,non,,,,14,2,,8.08,,,9.871,-3.911,-0.433
29,3C038,G,0.565,17.17,non,,,,20,1,,6.681,-0.843,,,,
30,MRC0118-272,Q,0.557,17.86,non,56.293,23.094,-0.9536844272722522,25,1,,11.464,-0.166,,,,
31,NVSSJ012142+132058,G,3.516,17.62,non,,,,3,1,,6.235,-1.218,,,,
32,UM321,Q,1.07481,18.04,non,56.964,23.851,-1.1633653940982198,35,1,,-2.12,-0.103,,,,
33,MRC0123-226,Q,0.72,18.21,non,56.033,22.974,-1.316215458635997,13,1,,10.679,-0.508,,,,
34,3C043,Q,1.459,17.46,non,55.263,21.903,-0.6589694851092528,26,1,,-28.089,-0.742,,,,
35,4C-00.11,Q,0.879,16.76,non,54.531,21.218,-0.7328392840866355,13,1,,11.554,-0.584,,,,
36,MRC0135-247,Q,0.838,18.72,non,56.495,23.284,-0.92820315121122,29,1,,9.948,-0.182,,,,
37,3C048,Q,0.367,16.78,non,55.935,22.829,-1.1831789137846758,36,2,,7.6,,,7.436,2.766,-0.358
38,UM355,G,0.26168,18.26,non,55.212,21.988,-0.9001968935303888,15,1,,21.828,-0.72,,,,
39,OC-065,Q,0.733,18.28,non,56.246,23.046,-0.9507335310652544,29,1,,7.021,-0.123,,,,
40,3C049,G,0.621,18.04,det,54.259,21.017,-0.8649702048956482,21,1,,5.53,-0.728,,,,
41,MRC0143-246,G,0.716,18.3,non,,,,8,1,,0.822,-0.888,,,,
42,MRC0144-227,G,0.6,18.04,non,,,,7,1,,6.997,-0.715,,,,
43,[HB89]0145+386,Q,1.442,18.34,non,55.956,22.83,-1.1301401782920177,8,2,,9.96,,,9.963,0.426,-0.37
44,4C-02.08,RadioS,0.95904,19.32,det,,,,12,1,,7.844,-0.751,,,,
45,MRC0149-299,G,0.603,18.3,non,,,,11,1,,6.455,-0.889,,,,
46,LEDA2822862,Q,0.616,17.98,non,56.204,23.113,-1.2235238291386827,14,1,,3.576,-0.723,,,,
47,3C057,Q,0.669,17.8,non,57.113,24.059,-1.330146505772542,24,1,,6.199,-0.537,,,,
48,MRC0201-214,G,0.915,19.0,non,,,,5,2,,8.67,,,8.763,0.636,-0.86
49,PKS0201+113,Q,3.639,18.46,non,56.929,23.686,-0.8609108152909172,21,2,,10.16,,,10.227,0.663,-0.68
50,4C+15.05,Q,0.8336,19.39,det,53.972,20.548,-0.5687323913984093,52,1,,6.913,-0.294,,,,
51,MRC0205-229,G,0.68,18.52,non,,,,7,1,,4.77,-0.787,,,,
52,NVSSJ020510+224250,G,3.506,18.72,non,,,,3,1,,7.279,-1.172,,,,
53,MRC0209-237,Q,0.68,18.3,non,,,,7,1,,6.916,-0.815,,,,
54,MRC0209-282,G,0.6,18.3,non,,,,7,1,,6.619,-0.733,,,,
55,4C-02.09,Q,1.178,18.46,non,55.636,22.364,-0.8070999744836126,23,1,,10.358,-0.363,,,,
56,OD+330,G,0.944,17.81,non,55.627,22.362,-0.820624268992542,40,1,,15.489,-0.197,,,,
57,3C066A,Q,0.444,17.67,non,56.483,23.271,-0.9245968901743421,19,1,,11.072,-0.442,,,,
58,PKS0220-349,Q,1.49,19.18,non,,,,17,2,,10.37,,,10.777,0.232,-0.512
59,MRC0223-245,G,0.634,18.11,non,,,,7,2,,8.32,,,9.093,0.016,-1.061
60,3C067,G,0.3102,18.14,non,53.974,20.703,-0.8082856333182097,21,1,,6.117,-0.733,,,,
61,4C+06.11,Q,0.511,18.0,non,55.209,21.824,-0.622051265725867,31,1,,9.666,-0.079,,,,
62,MRC0225-241,G,0.52,18.04,non,,,,9,1,,5.521,-0.731,,,,
63,WISEAJ022928.93+004429.5,G,1.216557,20.13,det,,,,0,0,,,,,,,
65,MRC0230-245,G,0.88,18.16,non,,,,7,1,,6.447,-0.816,,,,
66,MRC0231-235,G,0.81,18.26,non,,,,10,1,,5.706,-0.928,,,,
67,NVSSJ023111+360027,G,3.079,17.89,non,,,,5,1,,5.488,-1.187,,,,
68,MRC0233-290,G,0.725,18.26,non,,,,7,1,,6.207,-0.851,,,,
69,WISEAJ023333.61-041240.1,R,0.877272,17.95,non,,,,1,0,,,,,,,
70,PKS0235-19,G,0.62,17.56,non,,,,21,1,,7.198,-0.932,,,,
71,OD+160,Q,0.94,18.11,non,56.605,23.389,-0.9171011787737272,57,2,,10.42,,,10.767,0.234,-0.586
72,[HB89]0237-233,Q,2.223,17.32,non,57.654,24.542,-1.1665967537528714,37,2,,9.5,,,8.853,1.682,-0.351
73,PKS0239+108,Q,2.68,0.0,non,56.894,23.697,-0.9598585833660941,12,1,,11.238,-0.185,,,,
74,PKS0240-217,G,0.314,17.48,non,54.806,21.618,-0.9788842254123136,11,2,,8.84,,,9.508,0.185,-0.665
75,[HB89]0248+430,Q,1.31,18.42,non,56.185,23.008,-1.0046956499398998,25,2,,9.93,,,10.418,0.313,-0.906
76,PKS0252-71,G,0.568,17.23,non,,,,17,1,,7.672,-1.006,,,,
77,MRC0254-274,G,0.48,19.05,non,,,,3,1,,8.974,-0.923,,,,
78,MRC0254-236,G,0.509,19.07,non,,,,10,1,,4.343,-1.074,,,,
79,PKS0253-220,G,0.1128,18.57,non,,,,8,2,,8.04,,,7.751,4.561,-0.403
80,BZQJ0301+0118,Q,1.221,18.22,non,,,,9,1,,11.01,-0.52,,,,
81,OE+110,Q,0.863,18.41,non,55.68,22.436,-0.8610335134390409,17,1,,8.488,0.287,,,,
82,22W003,G,0.134,18.23,non,53.499,19.819,-0.31549998020269965,11,1,,8.975,0.237,,,,
83,4C+16.09,Q,0.907,18.9,det,,22.57,2.052078891602683,39,2,,8.83,,,9.666,0.028,-1.374
84,MRC0319-298,G,0.583,17.74,non,,,,12,1,,7.591,-0.557,,,,
85,PKS0319+12,Q,2.662,17.8,non,57.493,24.262,-0.8867466572676969,20,1,,7.395,-0.186,,,,
86,MRC0320-267,G,0.89,18.3,non,,,,9,1,,7.642,-0.685,,,,
87,MRC0325-260,G,0.638,18.83,non,,,,5,1,,7.263,-0.817,,,,
88,PKS0327-241,Q,0.895,18.18,non,55.746,22.471,-0.8013499100236919,16,1,,9.832,-0.091,,,,
89,OE-160,Q,3.442,18.32,non,57.764,23.887,-0.200274561039946,9,1,,5.735,-0.348,,,,
90,OE-063,Q,0.852,17.65,non,56.242,23.034,-0.9344807818048013,47,2,,9.9,,,10.924,0.069,-0.996
91,PKS0338-214,Q,0.223,17.86,non,54.988,21.797,-0.9710980927670969,17,1,,9.734,-0.036,,,,
92,MRC0338-259,Q,0.439,18.3,non,,,,5,1,,5.554,-0.843,,,,
93,OE+367,Q,1.484,18.74,non,,,,13,2,,9.11,,,8.937,4.597,-0.199
94,PKS0344-291,G,0.14227,17.62,non,,,,9,1,,6.203,-0.803,,,,
95,OE-278,Q,0.991,18.2,non,56.116,22.885,-0.8854185226585625,22,2,,9.38,,,10.996,0.019,-0.794
96,3C093.1,G,0.243,18.12,non,,17.249,0.374160024618742,18,1,,5.904,-0.725,,,,
97,PKS0347-211,Q,2.994,18.38,non,56.751,23.446,-0.7472981065294121,12,1,,6.359,0.142,,,,
98,3C099,G,0.426,18.03,non,54.134,20.898,-0.8750911365376893,17,1,,5.118,-0.771,,,,
99,PKS0400-319,Q,1.288,18.93,non,55.87,22.588,-0.787637751676737,17,2,,9.84,,,10.347,0.227,-0.622
100,PKS0408-65,Q,0.962,17.14,non,53.808,21.05,-2.634227253938054,20,1,,7.481,-1.192,,,,
102,4C+76.03,G,0.5985,18.4,det,,,,32,2,,8.47,,,8.773,0.717,-0.602
103,4C+05.19,Q,2.6365,18.88,det,56.531,23.392,-1.0980135813737941,16,2,,9.27,,,9.262,0.91,-0.859
104,MRC0418-288,Q,0.85,18.77,non,,,,5,1,,6.603,-0.822,,,,
105,MRC0424-268,G,0.469,17.86,non,,,,11,1,,6.734,-0.798,,,,
106,WISEJ042906.02+671016.3,Q,0.324,18.2,non,,,,7,2,,8.24,,,8.741,0.379,-0.761
107,MRC0428-271,G,0.84,18.49,non,,,,7,1,,4.395,-0.82,,,,
108,3C119,G,1.023,17.18,non,,,,19,2,,8.1,,,9.264,0.012,-0.828
109,MRC0430-235,G,0.82,18.99,non,,,,4,1,,-1.046,-0.9,,,,
110,PKS0428+20,G,0.219,18.54,det,,16.603,0.08467283854099561,38,2,,9.04,,,9.397,0.391,-0.876
111,MRC0437-244,Q,0.834,18.74,non,,,,7,1,,15.601,-0.977,,,,
112,OF-067,Q,0.844,17.72,non,56.326,23.108,-0.9127227336664325,48,2,,8.37,,,10.642,-0.049,-0.523
113,MRC0450-221,Q,0.898,18.52,non,55.983,22.685,-0.7597962632333947,7,1,,0.393,-0.976,,,,
114,MRC0454-220,Q,0.533,18.34,non,56.719,23.618,-1.1985103455153476,12,1,,-16.83,-0.801,,,,
115,4C+06.21,G,0.405,17.86,non,55.465,22.233,-0.8849592774598155,20,1,,9.817,-0.198,,,,
116,OF+097,Q,2.384,18.41,non,,,,26,2,,9.94,,,9.82,1.48,-0.941
117,OG+003,Q,0.5846,18.79,det,54.344,21.085,-0.8324102433687761,34,2,,9.71,,,9.888,0.619,-0.963
118,PKS0507+17,Q,0.416,17.87,non,55.293,22.063,-0.8882420988956148,25,1,,9.389,0.055,,,,
119,4C+60.07,G,3.788,17.38,non,,14.176,1.6259692390815998,6,1,,7.14,-1.244,,,,
120,PMNJ0513+0100,R,2.677,18.11,non,,,,5,1,,11.33,-0.29,,,,
121,PKS0511-220,Q,1.296,18.3,non,55.831,22.486,-0.6808965291116784,22,2,,9.55,,,10.868,0.071,-0.577
122,3C138,Q,0.759,17.65,non,55.806,22.577,-0.8914608402808649,29,2,,8.26,,,8.691,0.418,-0.763
123,MRC0522-239,G,0.5,18.6,non,,,,5,1,,4.534,-0.734,,,,
124,OG-247,Q,2.813,17.91,non,57.383,24.277,-1.180696870560182,16,2,,10.07,,,9.293,5.577,-0.452
125,MRC0531-237,G,0.851,20.42,det,,,,8,2,,9.08,,,9.371,0.508,-0.965
126,OG-263,Q,3.014,18.45,non,57.227,23.916,-0.7381352150236964,25,2,,9.31,,,11.028,-2.759,0.044
127,GALEXASCJ054116.17+531225.6,Q,1.275,17.77,non,55.608,22.34,-0.8141946925707201,10,2,,8.35,,,10.776,-0.156,-3.523
128,PKS0539-057,Q,0.839,18.18,non,55.985,22.74,-0.8588759021763807,22,2,,8.82,,,10.747,-0.011,-2.888
129,3C147,Q,0.545,17.45,non,55.549,22.429,-1.1455592835719897,35,1,,6.416,-0.739,,,,
130,OA198,Q,2.365,18.28,non,56.751,23.4,-0.6725474044289778,26,2,,10.46,,,10.311,1.138,-0.725
131,PKS0554-026,G,0.235,18.77,non,53.941,21.116,-2.25980785551397,8,2,,9.16,,,9.716,0.178,-3.588
132,OH+402,Q,1.136,18.11,non,,,,9,2,,8.81,,,9.251,0.26,-0.615
133,8C0604+728,Q,3.52965,18.89,det,,,,8,1,,-0.991,-0.388,,,,
134,OH-010,Q,0.872,17.62,non,56.442,23.263,-0.9997953060306145,35,1,,0.301,-0.101,,,,
135,3C153,G,0.2769,17.79,non,,,,25,1,,-2.104,-1.015,,,,
136,4C+72.10,Q,3.53,18.89,non,,,,8,1,,-0.991,-0.388,,,,
137,[MGL2009]0581,Q,2.702,18.64,non,57.014,23.831,-0.9897972569936435,10,1,,15.223,-0.173,,,,
138,WNJ0617+5012,G,3.153,17.86,non,,,,0,0,,,,,,,
139,OH+335,Q,3.469,17.56,non,57.31,24.031,-0.79363260099104,12,2,,9.09,,,9.077,0.658,-0.426
140,[MGL2009]0615,Q,3.18,18.9,non,57.924,24.866,-1.319386344724431,26,2,,10.27,,,10.243,1.067,-0.976
141,OH+368.8,Q,1.266,18.09,non,,,,10,1,,10.65,-0.086,,,,
142,3C166,G,0.2449,17.69,non,,18.513,0.14215275239643066,24,1,,12.668,-0.857,,,,
143,[HB89]0642+449,Q,3.396,18.72,non,57.456,24.264,-0.968544849219134,32,1,,5.448,0.637,,,,
144,4C+41.17,G,3.796,17.72,non,,16.387,0.9797854160162761,8,1,,-10.434,-1.289,,,,
145,3C173.1,G,0.2921,18.3,non,,14.46,1.2808540184948045,17,1,,-16.198,-0.887,,,,
146,B30707+476,Q,1.292,17.14,non,56.411,23.201,-0.9315805274914831,30,1,,6.433,-0.197,,,,
147,FBQSJ071424.8+353439,Q,1.62,18.18,non,56.531,23.446,-1.2409916065747435,25,2,,9.63,,,9.782,0.62,-0.878
148,PKS0723-008,G,0.1273,17.76,non,54.973,21.782,-0.9712433137055836,30,1,,12.823,-0.067,,,,
149,LEDA2525314,G,0.104,18.03,non,,,,13,1,,7.093,-0.485,,,,
150,4C+43.15,G,2.429,0.0,non,56.475,23.495,-1.5812626482521985,9,1,,3.026,-0.928,,,,
151,OI+158,Q,0.424,17.53,non,56.246,23.056,-0.9745602759028895,57,1,,28.374,-0.108,,,,
152,OI+061,Q,0.18941,17.58,non,55.522,22.348,-1.0112640405589506,57,1,,11.809,-0.08,,,,
153,FBQSJ074110.6+311200,Q,0.631955,17.97,non,55.997,22.906,-1.2247809355900419,38,2,,9.62,,,10.094,0.335,-0.807
154,[HB89]0740+235,Q,0.776476,17.92,non,56.028,22.936,-1.2214935615515021,14,1,,11.466,-0.735,,,,
155,FBQSJ074417.4+375317,Q,1.067,17.4,non,56.363,23.29,-1.275646696553117,29,1,,5.49,-1.064,,,,
156,OI+171,G,2.63,18.15,non,56.037,22.259,-0.25144011584812315,32,2,,9.69,,,10.433,0.189,-0.93
157,FIRSTJ074729.3+365438,Q,2.992,18.83,non,,,,4,1,,7.408,-1.222,,,,
158,4C+46.16,G,2.926,0.0,non,54.979,22.279,-3.0086151837564934,11,1,,2.783,-0.942,,,,
159,PKS0745+241,Q,0.4092,17.86,non,55.195,21.972,-0.9013991350389782,32,1,,10.242,-0.088,,,,
160,B20748+27,Q,3.208,17.0,non,,,,8,2,,8.98,,,9.041,0.8,-0.86
161,4C+54.15,Q,0.2,18.32,non,54.687,21.464,-0.9024156491404673,18,2,,9.59,,,8.386,3.792,-0.142
162,B30750+412,Q,0.87017,18.78,non,54.375,21.48,-1.9197710403884258,6,1,,5.833,-0.883,,,,
163,SDSSJ075157.31+522309.2,*,0.1887,18.03,non,50.198,17.717,-4.987322616238007,2,0,,,,,,,
164,B30749+426,Q,3.594548,18.14,non,57.025,24.129,-1.9169672386035916,9,2,,9.58,,,10.238,0.088,-1.047
165,B30752+422,G,0.15,18.47,non,49.202,16.843,-6.603953075340957,3,1,,6.921,-0.574,,,,
166,B30752+387,G,0.215605,18.87,non,49.688,17.309,-6.294479797478747,2,0,,,,,,,
167,[HB89]0754+100,Q,0.266,17.86,non,55.899,22.724,-1.0086660998122625,30,1,,9.15,0.067,,,,
168,B20754+27,Q,0.818371,17.95,non,55.672,22.383,-0.7764476057882086,5,1,,1.564,-0.93,,,,
169,SDSSJ075621.76+355442.2,R,0.3191,18.21,non,52.369,19.648,-2.868700916802526,2,0,,,,,,,
170,3C190,Q,1.1946,18.64,det,56.115,22.995,-1.143897903966318,24,1,,-2.086,-0.863,,,,
171,B30754+444,G,0.780893,17.95,non,53.053,20.363,-3.0842859956278663,6,1,,7.111,-0.749,,,,
172,B20757+32,G,0.187239,18.64,non,53.921,20.718,-0.9467758631294445,5,1,,5.058,-0.717,,,,
173,B30801+437,G,0.123,18.02,non,,,,4,2,,9.15,,,8.745,6.504,-0.661
174,SBS0804+499,Q,1.435161,18.22,non,56.771,23.589,-0.9936096527172781,27,2,,10.13,,,9.708,0.617,-0.237
175,VIPS0069,Q,3.033,18.33,non,57.297,24.019,-0.7946488489316528,11,2,,9.61,,,10.578,0.113,-0.571
176,2MASXJ08062495+1725042,G,0.1041,18.33,non,51.953,19.161,-2.43686283121877,1,0,,,,,,,
177,FBQSJ080856.6+405244,Q,1.42001,18.1,non,56.522,23.3,-0.905577374231929,13,1,,9.785,-0.012,,,,
178,3C196.1,G,0.198,18.16,non,54.994,21.896,-1.2040449484092013,22,1,,32.832,-1.135,,,,
179,B20812+38,G,0.1727,18.12,non,52.522,19.748,-2.541653055973556,7,1,,-8.85,-0.73,,,,
180,FBQSJ081827.3+281402,Q,0.225235,18.93,non,54.609,21.568,-1.3743997093746203,2,0,,,,,,,
181,B30819+451,Q,0.795419,18.32,non,55.556,22.504,-1.3403883434298733,6,1,,5.337,-0.734,,,,
182,2MASXJ08202809+4853474,G,0.132447,18.68,non,53.768,20.593,-1.0085034003363706,6,2,,7.67,,,6.367,3.014,-0.286
183,FBQSJ082455.4+391641,Q,1.215921,17.9,non,56.734,23.527,-0.9353616492629546,20,1,,11.779,-0.277,,,,
184,SBS0820+560,Q,1.421334,17.79,non,56.746,23.519,-0.8940425237244894,14,2,,8.76,,,10.66,-0.112,-0.925
185,3C197.1,G,0.128,16.69,non,53.837,20.666,-1.0181995959627634,13,1,,-16.183,-0.774,,,,
186,2MASXJ08220955+4705529,G,0.1271,18.21,non,50.704,18.261,-5.441648273957335,4,2,,9.64,,,9.257,7.956,-0.538
187,WISEAJ082223.36+543825.4,?,0.858884,17.45,non,53.149,20.499,-3.3812612624791374,5,1,,6.022,-0.753,,,,
188,PKS0823+033,Q,0.506,17.88,non,56.068,22.866,-0.9472043249294712,37,1,,18.435,0.11,,,,
189,PKS0823-223,Q,0.91,18.34,non,56.939,23.746,-0.9677890360497011,13,2,,10.96,,,10.995,0.047,-4.619
190,SDSSJ082814.20+415351.9,G,0.226,17.95,non,53.668,20.769,-1.9019940770579997,1,0,,,,,,,
191,OJ+448,Q,0.548,18.08,non,55.122,21.981,-1.090203588495908,23,2,,8.99,,,10.658,-5.274,-0.216
192,B20830+22,G,0.80987,17.6,non,55.365,22.222,-1.085809243108223,5,1,,4.637,-0.777,,,,
193,[FOC2014]069,Q,2.985465,18.11,non,57.316,24.173,-1.08635656340207,5,1,,14.956,-0.212,,,,
194,2MASXJ08313978+4608005,G,0.131138,18.1,non,52.672,19.834,-2.194352685031656,8,1,,10.837,-0.293,,,,
195,2MFGC06756,G,0.242,18.03,det,54.342,20.971,-0.6423597085795695,28,2,,7.57,,,7.062,2.183,-0.422
196,WISEAJ083417.54+601947.0,Q,0.716751,17.91,non,55.338,22.172,-1.0287182282028424,9,1,,9.751,-0.142,,,,
197,WISEJ083548.14+151717.0,G,0.1684,18.48,non,54.003,20.979,-1.427455986430773,4,2,,9.65,,,9.235,7.909,-0.301
198,FBQSJ083636.8+412554,Q,1.303697,18.04,non,56.899,23.762,-1.0986037569890517,10,1,,11.132,-0.141,,,,
199,2MASXJ08390306+4015457,G,0.1941,18.17,non,52.902,20.134,-2.5731162946168458,1,0,,,,,,,
200,WMAP144,Q,2.752,18.3,non,57.25,24.024,-0.8980782925064345,23,2,,9.87,,,8.721,1.781,-0.133
201,[HB89]0836+182,Q,0.28,18.11,non,54.93,21.854,-1.2661126319669231,8,1,,10.356,-0.161,,,,
202,WISEAJ083825.01+371036.6,G,0.3962,17.63,non,51.262,18.741,-4.547370014752563,3,1,,9.565,-0.79,,,,
203,B30839+458,G,0.192,19.54,det,52.349,19.554,-2.422072596906559,7,2,,9.06,,,8.76,1.758,-0.421
204,3C207,Q,0.6808,17.69,non,55.668,22.462,-0.9393004573534424,36,1,,10.531,-0.554,,,,
205,WISEAJ084051.27+443959.3,Q,0.769397,18.01,non,55.066,21.98,-1.2383346626329033,4,2,,9.58,,,9.537,1.325,-0.951
206,2MASXJ08435912+5105243,G,0.126344,18.88,non,53.448,20.365,-1.2468558161606007,5,1,,15.158,-0.651,,,,
207,WISEJ084712.93+113350.2,G,0.1984,18.63,non,55.084,21.887,-0.9572257266714915,7,1,,10.44,-0.682,,,,
208,4C+37.25,Q,0.407258,17.83,non,54.62,21.396,-0.9004229108305157,12,1,,10.243,-0.484,,,,
209,VIPS0163,Q,1.319145,17.83,non,56.529,23.418,-1.168508825168154,22,1,,12.483,-0.445,,,,
210,PKS0858-279,Q,2.152,18.46,non,58.185,25.214,-1.6111675896740913,20,2,,9.18,,,10.697,-1.752,0.008
211,PKS0859+032,G,0.287544,18.92,det,54.937,21.358,-0.3971920613416492,9,2,,8.92,,,9.631,-0.049,-1.424
212,[HB89]0859+470,Q,1.464988,17.89,non,56.476,23.252,-0.9017523712316042,24,1,,19.627,-0.339,,,,
213,3C213.1,G,0.19392,17.04,det,53.412,20.323,-1.229335513128391,13,1,,-7.759,-0.634,,,,
214,PKS0859+032,G,0.288611,19.1,det,54.941,21.361,-0.3971920613416509,9,2,,8.92,,,9.632,-0.049,-1.424
215,2MASXJ09032553+1622561,G,0.1823,19.21,det,51.151,18.646,-4.710999260197647,1,0,,,,,,,
216,[MCD2000]10,G,3.398,18.49,det,55.194,21.853,-0.6882023445617633,7,1,,6.217,-0.908,,,,
217,2MASXJ09042651+5458056,G,0.1194,18.49,non,49.874,17.49,-6.238656487987078,1,0,,,,,,,
218,SDSSJ090527.46+485049.9,Q,2.6887,18.18,non,57.547,24.42,-1.1270614895679323,9,2,,8.15,,,7.455,2.371,-0.183
219,B30905+420,Q,0.73368,17.91,non,55.9,22.71,-0.9744211980818843,10,1,,12.125,-0.52,,,,
220,3C216,Q,0.67,18.09,det,55.675,22.5,-1.0089280593625722,47,1,,11.922,-0.715,,,,
221,4C+24.19,G,0.90669,18.45,non,55.381,21.976,-0.5937798483611346,14,1,,1.764,-0.894,,,,
222,SDSSJ091022.89+001935.3,G,0.95937,18.57,non,53.034,20.366,-3.244287356520908,6,1,,3.466,-0.828,,,,
223,2MASXJ09121841+4830448,G,0.117168,18.71,non,52.41,19.668,-2.7377894287550353,4,1,,7.53,-0.435,,,,
224,SDSSJ0913+5919,Q,5.122418,19.34,non,56.452,23.4,-1.340948036818681,3,1,,9.572,-0.259,,,,
226,[HB89]0919-260,Q,2.3,17.95,non,57.262,24.05,-0.9272270096722044,21,2,,10.4,,,10.77,0.309,-1.445
227,B20917+27B,G,0.2067,18.67,det,54.355,20.696,-0.3314205395090539,7,1,,4.375,-0.948,,,,
228,WISEJ092136.24+621552.3,Q,1.446,18.16,non,56.522,23.281,-0.8672803760813844,24,2,,8.4,,,11.185,-0.003,-0.73
229,2MASXJ09240529+1410217,Q,0.1356,18.04,non,53.23,20.215,-1.4579762516722303,6,1,,11.862,-1.121,,,,
231,SDSSJ092445.88+304933.1,G,0.2118,18.54,non,50.474,18.051,-5.702010063965354,1,0,,,,,,,
232,2MASXJ09251153+1907135,G,0.1291,18.39,non,50.231,17.774,-5.268868208491619,1,0,,,,,,,
233,[HB89]0923+392,Q,0.695283,17.97,non,56.454,23.277,-1.0058020611338057,60,1,,9.466,-0.026,,,,
234,2MASXJ09274062+5545485,G,0.221,18.06,non,54.153,21.0,-1.0609264643494414,1,0,,,,,,,
235,[HB89]0925-203,Q,0.34741,18.11,non,56.159,22.982,-1.0055344869237497,15,1,,9.704,-0.159,,,,
236,WISEJ092915.43+501336.0,Q,0.370387,17.91,non,55.834,22.65,-0.9888619201139801,12,1,,8.823,0.051,,,,
237,MRC0930-200,G,0.769,19.02,non,,,,7,1,,2.817,-0.913,,,,
238,B20927+25A,Q,0.740736,17.49,non,55.536,22.547,-1.5467637918639934,7,1,,6.794,-0.891,,,,
239,B20928+25,G,0.812403,17.81,non,54.093,21.277,-2.301128777782208,4,1,,11.576,-0.626,,,,
240,3C220.3,G,0.685,17.67,non,,,,15,1,,1.48,-1.013,,,,
241,PKS0941-08,G,0.2281,17.94,det,51.432,17.656,-0.2524541578795548,30,2,,7.82,,,8.165,3.387,-0.493
242,MRC0941-200,Q,0.715,18.75,non,55.263,22.53,-2.7918318938018434,5,1,,1.076,-0.832,,,,
243,SDSSJ094221.94+062337.1,G,0.12333,19.96,det,53.872,20.539,-0.7002392793780425,1,0,,,,,,,
244,2MASXJ09452133+1737533,Q,0.1281,18.27,non,53.96,20.858,-1.1934831630115692,1,0,,,,,,,
245,PMNJ0945-2429,G,2.923,0.0,non,,,,5,1,,7.793,-1.068,,,,
246,WISEJ094542.20+575747.6,G,0.22893,18.74,non,54.993,21.789,-0.9454712834673061,8,1,,9.733,0.01,,,,
247,FBQSJ094855.3+403944,Q,1.249964,17.74,non,56.829,23.624,-0.9406625550250366,36,1,,10.329,-0.244,,,,
248,[HB89]0954+556,Q,0.896,17.51,non,56.195,22.964,-0.8858264270828401,32,1,,3.817,-0.39,,,,
249,[HB89]0954+658,Q,0.368,18.15,non,55.653,22.449,-0.942831107271312,28,2,,9.84,,,10.768,0.098,-1.21
250,COINSJ0954+7435,G,0.695,18.37,non,,,,7,2,,9.4,,,9.25,0.939,-0.714
251,MRC1002-215,G,0.589,17.84,non,,,,7,1,,7.096,-1.199,,,,
252,MRC1002-216,G,0.49,18.83,non,,,,12,2,,7.75,,,6.474,2.418,-0.202
253,3C236,G,0.1005,18.91,det,53.009,19.86,-1.0703441121692547,24,1,,-1.288,-0.601,,,,
254,[HB89]1004-018,Q,1.2154,18.04,non,56.676,23.192,-0.49498042100538747,16,1,,12.199,-0.097,,,,
255,[HB89]1004+141,Q,2.707,18.18,non,57.035,23.971,-1.3046020557516567,12,1,,12.45,-0.231,,,,
256,3C237,G,0.87,17.0,non,54.81,21.702,-1.1752786189706947,30,2,,7.59,,,6.659,2.436,-0.249
258,2MASXJ10093569+1826017,G,0.116479,19.2,non,50.974,18.455,-4.569420275006318,1,0,,,,,,,
259,[HB89]1010+350,Q,1.411623,18.08,non,56.27,23.143,-1.127276085930753,14,1,,9.96,-0.137,,,,
260,SDSSJ101256.04+163853.0,G,0.118,18.9,non,52.409,19.649,-2.6244483753009256,1,0,,,,,,,
261,SDSSJ101542.91+425803.6,G,0.1973,18.17,non,50.892,18.4,-4.859327091818154,1,0,,,,,,,
262,PKS1014+208,Q,3.11465,18.62,non,56.959,23.813,-1.0795637212849896,11,2,,8.49,,,8.26,3.306,-0.123
263,LBQS1013+0124,Q,0.77951,18.16,non,56.68,23.6,-1.2535208545457832,8,2,,10.25,,,10.595,0.259,-4.095
264,FBQSJ101810.9+354239,Q,1.229508,17.78,non,56.649,23.442,-0.9373768074395492,15,1,,9.285,0.048,,,,
265,4C+05.41,G,2.765,0.0,non,,,,8,1,,0.706,-0.758,,,,
266,FBQSJ102311.5+394815,Q,1.254,17.97,non,56.742,23.522,-0.9109800014756028,18,1,,10.631,-0.32,,,,
267,2MASXJ10240056+5112478,G,0.2139,18.11,non,51.537,18.966,-4.058858754907152,1,0,,,,,,,
268,4C+39.32,G,0.362162,17.53,non,54.126,21.13,-1.524747281264458,14,1,,24.137,-0.632,,,,
269,2MASXJ10283929+1702106,G,0.1691,18.37,non,54.137,20.9,-0.873698580750314,2,0,,,,,,,
270,FBQSJ103303.7+411606,Q,1.118486,18.11,non,56.11,22.863,-0.8548464106981377,29,1,,9.889,-0.019,,,,
271,SDSSJ103351.41+605107.3,Q,1.409276,18.2,non,56.41,23.178,-0.8849447705870528,10,1,,11.307,-0.247,,,,
272,SDSSJ103507.04+562846.8,G,0.459,18.12,non,53.733,20.542,-0.9720291796997095,29,2,,9.21,,,9.576,0.385,-1.013
273,4C+25.31,G,0.94959,18.32,det,53.694,20.929,-2.595040893445312,8,2,,7.94,,,7.205,3.833,-0.308
274,B31033+450,G,0.1274,18.4,non,49.716,17.328,-6.170021310282382,4,1,,9.397,-0.122,,,,
275,[HB89]1034-293,Q,0.312,17.79,non,55.503,22.332,-1.0183105342889882,24,2,,10.2,,,10.681,0.231,-0.861
276,2MASXJ10393212+4612056,G,0.1861,19.43,det,49.807,17.383,-5.686144601252154,1,0,,,,,,,
277,[HB89]1039+811,Q,1.26,18.45,non,56.817,23.582,-0.8787929379995097,17,2,,10.06,,,9.485,0.49,-0.164
278,WISEJ104827.60+714335.9,Q,1.15,17.84,non,56.597,23.384,-0.9234663472496629,15,2,,9.99,,,10.652,0.2,-0.574
279,2MASXJ10460960+1655115,G,0.206868,18.85,non,53.763,20.65,-1.1650627241799978,4,2,,9.45,,,9.062,5.14,-0.062
280,SDSSJ104643.83+315301.1,G,0.1166,18.47,non,49.677,17.298,-6.308516620916802,1,0,,,,,,,
281,B21045+35A,G,0.84644,18.94,det,55.556,22.2,-0.6652158020516954,8,1,,6.762,-0.896,,,,
282,2MASXJ10480120+1514386,G,0.2161,18.21,non,51.629,19.038,-3.8701218358414,1,0,,,,,,,
283,[HB89]1055+018,Q,0.888,17.73,non,56.339,23.109,-0.8872942297684699,64,1,,9.839,-0.051,,,,
284,[HB89]1058+726,Q,1.46,17.76,non,57.267,24.058,-0.9339731906083946,12,1,,10.39,-0.453,,,,
285,B21058+33B,Q,0.935327,17.85,non,55.279,22.119,-1.045310908511411,7,1,,6.105,-0.785,,,,
286,2MASXJ11030580+1917024,G,0.214267,18.64,non,52.263,19.616,-3.3964284145571435,1,0,,,,,,,
287,WISEAJ110426.88+492824.4,Q,0.8995,17.62,non,55.36,22.239,-1.1422593768044813,4,1,,2.063,-0.504,,,,
288,[HB89]1104+058,Q,0.884661,18.05,non,56.068,22.766,-0.7538614223437381,13,1,,15.377,-0.901,,,,
289,B31105+437,Q,1.226,18.11,non,56.091,22.9,-0.9725036446696336,9,1,,9.754,-0.019,,,,
290,PKS1107-187,G,0.497,18.18,det,,,,8,2,,9.13,,,9.67,0.16,-1.166
291,4C+19.35,G,0.340162,18.2,non,50.049,17.665,-6.219583397992967,9,1,,3.139,-0.802,,,,
292,PKS1108+201,G,0.2991,17.6,non,51.147,18.639,-4.689045151152823,11,2,,9.21,,,9.673,0.26,-1.67
293,2MASXJ11203006+2736112,G,0.112,19.19,det,52.406,19.61,-2.414159147219122,5,2,,8.44,,,8.318,5.217,-0.429
294,2MASXJ11233202+2350475,G,0.207,18.96,det,51.991,19.359,-3.5161280775753636,6,1,,9.471,-0.695,,,,
295,SDSSJ112904.10+563844.0,G,0.8919,18.86,det,53.466,20.664,-2.3805717741516297,7,2,,8.79,,,8.996,0.693,-1.247
296,2MASXJ11183489+6146380,G,0.1924,18.31,non,50.907,18.416,-4.87459194157956,1,0,,,,,,,
297,2MASXJ11183553+3136327,G,0.1185,18.19,non,50.217,17.767,-5.34570071385793,1,0,,,,,,,
298,2MASXJ11191650+6239259,G,0.1102,18.54,non,50.514,18.044,-5.116176979135853,1,0,,,,,,,
299,4C+14.41,G,0.362,17.76,non,53.478,20.357,-1.1412369279641288,27,2,,8.49,,,8.802,-0.751,0.432
300,2MASXJ11203006+2736112,G,0.1125,17.86,non,52.41,19.614,-2.4141591472192108,5,2,,8.44,,,8.282,5.116,-0.419
301,2MASXJ11215666+4314568,G,0.1854,18.31,non,50.45,18.013,-5.517725200350019,2,0,,,,,,,
302,2MASXJ11234989+2016545,G,0.130406,18.8,non,52.993,20.098,-1.9216103921837897,6,1,,14.368,-0.695,,,,
303,B21121+31B,G,3.2174,17.89,non,55.349,22.541,-2.344291101935495,5,1,,6.488,-1.207,,,,
304,3C258,G,0.165,18.7,det,53.467,20.446,-1.4392042696637117,9,1,,11.198,-0.86,,,,
305,WISEAJ112723.25+530058.7,?,0.925287,17.94,non,54.553,21.574,-1.5842822941771377,6,1,,7.441,-0.91,,,,
306,PKS1128-047,G,0.266,17.79,non,,,,14,1,,9.475,-0.011,,,,
307,WISEAJ112833.05+324322.6,G,0.369572,18.08,non,49.854,17.509,-6.830344426541074,8,2,,9.33,,,9.33,5.723,-0.95
308,B31128+472,R,0.125721,18.69,non,,,,4,1,,13.685,-0.499,,,,
309,WISEAJ112341.90+125213.9,G,0.31767,18.19,non,53.805,20.702,-1.189940196545696,0,0,,,,,,,
310,SDSSJ113019.23+101526.7,?,0.786965,17.72,non,54.725,21.787,-1.7385267588223743,8,1,,15.358,-0.538,,,,
311,B21128+30A,Q,0.736721,17.72,non,56.513,22.94,-0.40343818021501515,10,1,,13.804,-0.347,,,,
312,SDSSJ113230.99+573109.2,G,0.1804,18.34,non,51.043,18.505,-4.3689088338854285,1,0,,,,,,,
313,[HB89]1136-135,Q,0.554,17.62,non,56.303,23.217,-1.2392583364895926,26,1,,2.296,-0.795,,,,
314,4C+05.52,Q,1.3431,18.0,det,56.236,23.088,-1.0738902025383716,20,1,,11.982,-0.414,,,,
315,PKS1141+011,G,0.295616,17.92,non,,8.331,-21.810461642766384,8,2,,9.52,,,9.94,0.104,-1.955
316,B21144+40,Q,1.088,18.45,non,56.461,23.241,-0.9083026134599337,16,1,,9.817,0.053,,,,
317,2MASXJ11500016+5528208,G,0.13855,18.8,det,48.862,16.521,-6.873865874072241,4,2,,8.41,,,8.269,3.673,-0.377
318,SBS1150+497,Q,0.33364,17.43,non,55.596,22.377,-0.9112185736599697,27,1,,9.993,-0.235,,,,
319,[HB89]1150+812,Q,1.25,18.3,non,56.435,23.298,-1.1018377736362042,24,1,,10.308,-0.161,,,,
320,[HB89]1151-348,Q,0.258,18.2,non,,,,28,2,,8.34,,,8.746,0.436,-0.78
321,FBQSJ1159+2914,Q,0.724688,18.26,non,56.035,22.778,-0.8345554899898566,50,1,,10.343,-0.164,,,,
322,2MASXJ11595462+3027267,G,0.1064,18.52,non,49.618,17.229,-6.152724636508451,2,0,,,,,,,
323,PKS1200+045,Q,1.225972,18.66,det,56.556,23.269,-0.7806069417834453,10,2,,9.18,,,9.037,1.068,-0.662
324,[HB89]1202-262,Q,0.789,17.56,non,56.336,23.137,-0.9531243187419003,27,1,,10.701,-0.447,,,,
325,2MASXJ12023112+1637414,G,0.1195,18.1,non,53.138,20.083,-1.3269172983313327,2,0,,,,,,,
326,SDSSJ120255.33+261518.7,G,0.1936,18.1,non,52.463,19.534,-1.779478901429877,1,0,,,,,,,
327,2MASXJ12023112+1637414,G,0.119,18.87,det,53.134,20.079,-1.3269172983313366,2,0,,,,,,,
328,WISEAJ120331.76+304902.2,V,0.95575,18.07,non,54.988,22.056,-1.767419522791965,4,2,,9.76,,,9.43,7.109,-0.289
329,3C268.3,G,0.371,18.29,det,53.736,20.582,-1.0570848691298635,18,2,,7.64,,,6.39,2.368,-0.263
330,B31206+469,G,0.101,18.41,det,50.852,18.351,-4.7649193273587205,4,1,,7.498,-0.418,,,,
331,FBQSJ120922.7+411941,Q,0.377,18.48,non,55.588,22.392,-0.9607732073435877,10,2,,9.69,,,9.814,0.469,-0.558
332,WISEAJ120914.61-203238.8,G,0.404,19.54,det,,,,10,2,,9.98,,,10.42,0.645,-10.898
333,WCom,Q,0.102,18.08,non,55.034,21.849,-0.9862165793297808,33,2,,9.05,,,8.301,0.264,-0.09
334,FBQSJ1221+3010,G,0.183599,18.9,non,55.662,22.46,-0.9474477185783732,13,1,,10.016,-0.616,,,,
335,PKS1221-42,G,0.171442,18.52,det,,,,25,1,,6.371,-0.666,,,,
336,[HB89]1222+037,Q,0.9556,18.23,non,56.11,22.944,-1.0286983890765549,15,2,,8.48,,,10.586,-0.101,-4.298
337,PG1222+216,Q,0.432,17.81,non,56.038,22.82,-0.9139808604138794,28,1,,10.159,-0.383,,,,
339,2MASXJ12251912+1621040,G,0.197,18.5,non,51.946,19.318,-3.5543765624820804,1,0,,,,,,,
341,3C273,Q,0.15834,16.15,non,56.568,23.42,-1.0757061573863025,74,1,,10.841,-0.328,,,,
342,BZQJ1230-1139,Q,3.528,18.63,non,56.815,23.706,-1.1730514255581481,8,2,,9.67,,,10.502,0.012,-1.443
343,2MASXJ12282312+1626128,G,0.229959,18.63,non,49.916,17.534,-6.262134117252888,6,1,,16.389,-0.593,,,,
344,WISEJ123349.25+502622.8,G,0.206843,18.43,non,54.299,21.228,-1.2799614569303994,7,1,,11.413,-0.605,,,,
345,WISEAJ123413.33+475351.2,Q,0.373181,17.73,non,55.577,22.502,-1.2686461358959382,10,2,,9.13,,,9.922,0.127,-0.937
346,[HB89]1236+077,Q,0.4,18.61,non,55.382,22.175,-0.9360284936519656,18,1,,19.182,0.141,,,,
347,[HB89]1240+381,Q,1.318343,18.04,non,56.418,23.305,-1.160991719035431,14,2,,9.42,,,10.828,0.059,-0.586
348,B21240+39,Q,2.131,18.88,non,,,,4,2,,8.49,,,8.441,10.639,-2.543
349,2MASXJ12435048+1850219,G,0.228,18.28,non,51.539,18.989,-4.255892979713994,1,0,,,,,,,
350,B31242+410,Q,0.813,17.85,non,55.374,22.182,-0.9704728607778907,14,2,,8.95,,,8.292,4.691,-0.567
351,4C+03.24,G,3.5699,17.89,non,,17.885,0.32175279526780404,7,1,,-1.432,-1.221,,,,
352,PKS1245-19,Q,1.275,18.92,det,55.104,21.941,-1.0374705602709218,37,2,,8.42,,,8.639,1.115,-0.634
353,4C+49.25,G,0.2069,16.66,non,54.068,20.886,-0.9933517077864885,8,1,,6.505,-0.49,,,,
354,SDSSJ124709.68+324705.0,G,0.1351,18.37,non,51.403,18.822,-3.9574974031280847,1,0,,,,,,,
355,4C+49.25,G,0.207,17.7,det,54.068,20.886,-0.9933517077864745,8,1,,6.505,-0.49,,,,
356,B21250+29,G,0.195079,17.9,non,52.716,19.897,-2.2864891298778613,7,1,,5.25,-0.701,,,,
358,SBS1250+568,Q,0.31978,17.83,non,55.28,22.182,-1.2061398652809368,25,2,,7.84,,,7.265,2.531,-0.364
359,3C279,Q,0.5362,16.83,non,56.443,23.165,-0.7958626489536214,60,1,,9.748,-0.06,,,,
360,2MASXJ12543330+1856016,G,0.115,18.8,det,,,,8,2,,9.82,,,10.07,0.405,-0.761
361,2MASXJ13013264+4634032,G,0.206,18.51,det,53.519,20.369,-1.0686786955063985,8,1,,9.407,-0.013,,,,
362,B21301+37,G,0.93987,18.41,non,55.762,22.543,-0.9128552385317164,8,1,,-3.599,-0.634,,,,
363,PG1302-102,Q,0.2784,18.23,non,56.287,23.173,-1.1612165595831605,19,2,,7.95,,,10.845,0.008,-0.575
364,2MASXJ13055694+3956211,G,0.1535,18.55,non,49.705,17.321,-6.231084945587678,1,0,,,,,,,
365,B31304+440,R,0.202562,18.58,non,,,,4,1,,4.805,-0.804,,,,
366,PKS1306-09,G,0.46685,18.11,non,,,,24,1,,4.719,-0.625,,,,
367,WISEAJ131110.54+343916.2,R,0.790687,17.85,non,,,,1,0,,,,,,,
368,SDSSJ131151.93+460843.9,G,0.828535,17.79,non,54.23,21.186,-1.3620855515608112,0,0,,,,,,,
369,SDSSJ131337.85+545823.9,Q,0.613,18.23,non,52.445,19.778,-3.248627883932321,14,2,,9.07,,,8.971,1.177,-0.891
370,2MASXJ13142462+6219453,G,0.130805,18.88,non,53.205,20.185,-1.4407753388310904,1,0,,,,,,,
371,SDSSJ131941.39+162852.6,G,0.1587,19.01,non,49.846,17.469,-6.345753346775527,1,0,,,,,,,
373,4C+32.44,G,0.37,17.85,det,54.007,20.854,-1.059679195806977,36,2,,8.9,,,8.855,0.87,-0.745
374,4C+12.48,Q,0.949407,17.98,non,54.394,21.466,-1.780347755605343,14,1,,10.071,-0.376,,,,
375,SDSSJ132905.80+500926.5,Q,2.654,19.04,non,56.575,23.371,-0.9430101132821387,9,1,,14.486,0.035,,,,
376,FBQSJ133037.6+250910,Q,1.055,16.82,non,56.267,23.166,-1.1962508115517234,47,1,,15.472,-0.626,,,,
377,3C286,Q,0.8494,16.72,non,56.386,23.342,-1.364928171245595,49,1,,6.167,-0.412,,,,
378,CGRaBSJ1334-1150,Q,1.402,18.26,non,,,,9,1,,9.797,0.015,,,,
379,[HB89]1333+459,Q,2.449,18.96,non,57.132,24.021,-1.1682342051485068,26,2,,10.28,,,10.033,1.791,-0.676
380,2MASXJ13410515+3959456,G,0.1715,18.3,non,53.673,20.765,-1.8658153286330068,0,0,,,,,,,
381,[HB89]1342+663,Q,1.351,18.26,non,55.711,22.596,-1.1577368839577202,10,2,,9.26,,,8.904,4.051,-0.138
382,SDSSJ134808.78+304909.0,G,0.1692,18.31,non,49.86,17.459,-6.000284293604575,0,0,,,,,,,
383,2MASXJ13531412+3741142,G,0.2159,18.47,non,54.635,21.49,-1.0799453511391546,4,1,,9.515,-0.26,,,,
384,4C+12.50,G,0.1217,18.48,det,53.668,20.561,-1.1796414505544446,42,1,,4.36,-0.412,,,,
385,[HB89]1351-018,Q,3.707,18.41,non,56.915,23.671,-0.8601709277374644,8,2,,10.24,,,10.187,0.632,-0.474
386,[HB89]1354+195,Q,0.72,17.58,non,56.511,23.394,-1.1526726480816882,38,1,,10.403,-0.458,,,,
387,PKS1354-17,Q,3.147,18.04,non,,,,13,2,,9.46,,,10.307,0.144,-0.963
388,[HB89]1356+022,Q,1.325654,17.88,non,56.75,23.632,-1.1487283187842254,12,1,,10.289,-0.106,,,,
389,2MASXJ13564607+1026088,Q,0.1231,19.28,det,53.825,20.856,-1.6213873021985776,1,0,,,,,,,
390,VIPS0718,G,0.646,19.52,det,52.068,19.433,-3.4920816587842363,12,2,,9.41,,,9.677,0.548,-1.038
391,PKS1355+01,R,0.797,18.52,det,,,,10,1,,7.862,-0.898,,,,
392,87GB135911.5+152747,Q,3.235,18.08,non,,,,2,0,,,,,,,
393,4C+62.22,G,0.431,18.27,det,53.953,20.659,-0.7673932111169582,22,2,,9.06,,,8.846,1.444,-0.764
394,2MASXJ14005162+5216068,G,0.118,18.06,non,51.759,19.124,-3.4974889232754585,10,1,,9.659,-0.035,,,,
395,[HB89]1402+044,Q,3.209112,18.61,non,56.98,23.787,-0.9692432722033952,13,1,,10.456,-0.263,,,,
396,SDSSJ140639.85+411749.3,G,0.3604,18.06,non,51.735,18.947,-2.4554927262003465,0,0,,,,,,,
397,B21406+30,G,0.289757,17.89,non,50.962,18.438,-4.511435800358891,9,1,,6.583,-0.62,,,,
398,CGRaBSJ1409-2657,Q,1.43,19.05,non,,,,12,2,,10.29,,,10.181,1.343,-0.743
399,2MASXiJ1409424+360416,G,0.14843,18.88,det,47.132,14.925,-9.369283297135528,7,1,,7.847,-0.762,,,,
400,SDSSJ140935.47+575841.3,G,0.179874,18.81,non,51.028,18.554,-5.075656271875473,0,0,,,,,,,
402,2MASXJ14120347+2928011,G,0.1147,18.61,non,52.19,19.455,-2.777514576852867,2,0,,,,,,,
403,B31412+461,G,0.186,17.81,non,49.658,17.171,-4.914364886985389,10,2,,9.1,,,8.974,1.305,-0.967
404,[HB89]1413+135,Q,0.2467,19.11,det,53.738,20.449,-0.7756629497787186,30,1,,9.97,-0.167,,,,
405,2MASXJ14155722+4953349,G,0.1854,18.23,non,54.612,21.454,-1.0507676165005753,2,0,,,,,,,
406,[HB89]1418+546,Q,0.1526,18.08,non,55.119,21.953,-1.031099499427736,42,2,,10.47,,,10.996,0.086,-138.106
407,3C299,G,0.367,17.82,non,54.066,21.061,-1.4912337943501721,20,1,,3.699,-0.95,,,,
408,SDSSJ142210.81+210554.1,G,0.191,19.0,det,,,,1,0,,,,,,,
409,WISEAJ145239.38+062738.2,G,0.26716,20.12,det,53.8,20.824,-1.5952348513057106,6,2,,9.05,,,9.663,0.071,-1.524
410,PKS1426+030,G,0.2931,19.01,det,50.733,18.178,-4.207540509034599,8,1,,8.179,-0.51,,,,
411,SDSSJ142921.87+540611.1,Q,3.0134,17.91,non,56.791,23.541,-0.8493905639872247,11,1,,16.355,-0.515,,,,
412,WISEJ142832.62+424021.0,Q,0.1293,18.26,non,55.292,22.097,-0.9631132974308665,10,1,,10.101,-0.156,,,,
413,B31432+422,Q,1.24,18.12,non,56.087,22.828,-0.8314292196301182,12,1,,11.345,-0.26,,,,
414,2MASXJ14410437+5320088,G,0.105,18.26,non,53.844,20.768,-1.2658322579116492,2,0,,,,,,,
415,2MASXJ14443369+1921215,G,0.1905,17.67,non,53.109,20.257,-2.122132159977716,6,1,,7.526,-0.85,,,,
416,2MASSJ14435863+6332265,Q,1.402254,18.36,non,56.726,23.632,-1.213428720941459,7,2,,9.58,,,9.89,0.429,-1.054
417,3C303.1,G,0.2704,18.15,non,52.359,19.008,-0.6725200084730845,17,2,,7.23,,,5.299,1.764,-0.251
418,B31445+410,G,0.195146,18.04,non,53.596,20.472,-1.136744945273485,9,1,,-1.172,-0.685,,,,
419,4C+04.48,G,0.87107,18.64,non,55.559,22.376,-0.9898417597242374,11,2,,7.78,,,8.238,4.737,-0.609
420,PKS1450-338,G,0.368,17.83,non,,,,10,1,,7.476,-0.5,,,,
421,WISEAJ145338.44+035933.5,G,0.36997,17.69,non,50.735,18.292,-5.446046258454289,7,1,,6.185,-0.58,,,,
422,4C+04.49,Q,0.391547,18.02,non,55.074,21.843,-0.885021232584389,14,1,,10.433,-0.588,,,,
423,B31456+375,Q,0.33343,18.84,det,54.018,21.056,-1.6460065100021368,12,2,,9.65,,,10.223,0.227,-0.817
424,3C309.1,Q,0.905,17.04,non,56.61,23.542,-1.2910682869128134,34,1,,3.293,-0.592,,,,
425,2MASXJ15015113+1637053,G,0.1489,18.63,non,50.254,17.803,-5.345867688153421,2,0,,,,,,,
426,[HB89]1504-166,Q,0.876,17.34,non,56.6,23.545,-1.3292423670271556,32,2,,8.94,,,10.281,0.03,-0.56
427,B21504+37,G,0.6715,19.65,det,54.705,21.389,-0.7290191008439432,35,2,,8.44,,,10.763,-0.095,-0.848
428,B21505+36A,G,0.383714,17.75,non,51.017,18.524,-4.848590708762746,5,1,,7.138,-0.473,,,,
429,4C+09.53,G,0.80772,18.28,non,53.303,20.579,-2.8514646643412855,12,1,,7.143,-0.894,,,,
430,PKS1509+022,G,0.21943,18.56,non,54.543,21.317,-0.8959149924993802,12,1,,11.442,-0.669,,,,
431,2MASXJ15095057+1557259,G,0.187373,17.95,non,50.222,17.818,-5.953026128540881,5,1,,10.043,-0.61,,,,
432,2MASXJ15131921+3431340,G,0.1272,19.84,det,53.747,20.517,-0.8873608254395965,2,0,,,,,,,
433,2MASXJ15164158+2918091,G,0.129882,19.03,non,54.228,20.999,-0.8916877104300729,4,1,,1.457,-0.319,,,,
434,3C318,G,1.574,17.11,non,55.856,22.696,-1.0422984239180428,24,1,,6.692,-0.778,,,,
435,4C+04.51,G,1.296,17.06,non,53.989,21.185,-2.3666075798124133,32,2,,7.88,,,10.22,-2.901,-0.329
436,2MASXJ15211639+1512102,G,0.214777,18.11,non,50.688,18.22,-5.139836129201956,7,1,,7.388,-0.726,,,,
437,WISEAJ152134.15+550857.2,*,1.070105,18.07,det,54.9,22.083,-2.3033964333754287,0,0,,,,,,,
438,2MASXJ15234936+3213502,G,0.10999,18.48,non,50.292,17.831,-5.213646189803564,3,1,,8.245,-0.823,,,,
439,SDSSJ152446.01+230723.4,G,0.2157,19.24,det,50.787,18.347,-5.4813339986645175,1,0,,,,,,,
440,[HB89]1522+113,Q,0.33263,17.59,non,55.062,21.769,-0.7686963802250137,8,1,,9.74,-0.214,,,,
441,SDSSJ152650.25+101314.4,G,0.2243,18.25,non,49.907,17.496,-5.862729086451087,0,0,,,,,,,
442,WISEJ153058.21+573625.3,G,0.1733,18.65,non,54.13,20.916,-0.9216180609988834,3,1,,12.617,-0.308,,,,
443,SDSSJ153452.95+290919.8,G,0.201,19.09,det,51.292,18.722,-4.062695137070537,1,0,,,,,,,
444,PKS1535+004,Q,3.497,18.22,non,,,,8,2,,9.95,,,10.279,0.447,-1.257
445,B31534+466,Q,0.369606,17.86,non,54.235,21.093,-1.0874801046108087,7,1,,3.848,-0.782,,,,
446,[HB89]1538+149,Q,0.605,17.77,non,55.885,22.676,-0.9317362088661902,37,1,,11.199,-0.309,,,,
447,2MASXJ15414432+4727545,G,0.1104,18.01,non,,,,1,0,,,,,,,
448,2MASXJ15414656+4556135,G,0.2023,18.27,non,53.468,20.554,-1.8412135057568308,1,0,,,,,,,
449,PKS1543+005,G,0.55,18.0,non,54.797,21.569,-0.8932562161932336,20,1,,7.723,-0.338,,,,
450,SDSSJ154508.52+475154.6,Q,1.277,19.25,det,54.717,21.693,-1.4287226362424286,12,2,,9.11,,,9.691,0.199,-0.994
451,[HB89]1546+027,Q,0.41438,18.15,non,55.863,22.642,-0.9063680180389003,45,1,,-5.172,0.168,,,,
452,PKS1547-79,G,0.483,17.85,non,,,,11,2,,8.1,,,10.101,-0.704,-2.246
453,4C+30.29,G,0.111582,17.9,non,51.427,17.298,-0.11192021673204411,12,1,,-18.537,-0.95,,,,
454,WISEJ154917.46+503805.8,Q,2.17428,18.15,non,57.047,23.874,-1.013633141938721,16,2,,10.88,,,10.963,0.26,-1.097
455,4C+23.42,G,0.117606,18.79,non,54.123,20.786,-0.6950022524958545,13,1,,9.849,-0.777,,,,
456,2MASXJ15542410+2011249,G,0.2223,18.1,non,55.035,21.781,-0.8407714173634744,9,1,,9.806,-0.407,,,,
457,PKS1549-79,G,0.1501,18.56,det,,18.38,0.09412651684188837,25,2,,8.44,,,10.481,-0.521,-1.914
458,2MASXJ15561166+2811338,G,0.207927,18.64,non,53.77,20.709,-1.3101962866596604,1,0,,,,,,,
459,B21554+33C,G,0.2069,18.06,non,50.941,18.451,-4.885859288810125,4,1,,10.616,-0.761,,,,
460,2MASXJ15590340+2308283,G,0.1932,19.51,det,54.736,20.666,-0.1285538156212791,1,0,,,,,,,
461,[HB89]1556-245,Q,2.813,18.61,non,57.295,24.235,-1.3129763892469148,10,1,,10.269,-0.113,,,,
462,SDSSJ155953.91+423339.9,G,0.2169,18.06,non,50.373,17.931,-5.457998829691976,1,0,,,,,,,
463,ABELL2147,GClstr,0.109,19.71,det,61.507,28.946,-4.148060439764006,0,0,,,,,,,
464,4C+52.37,G,0.106,18.83,det,53.19,20.228,-1.6457466519518664,10,1,,10.882,-0.797,,,,
465,GIN463,G,0.1098,17.95,non,54.036,20.661,-0.6361516152746276,12,1,,9.701,-0.127,,,,
466,WISEAJ160325.27+143817.0,?,0.981859,17.74,non,54.69,21.631,-1.3154607414909942,0,0,,,,,,,
467,PKS1601-222,G,0.141,18.52,non,,,,8,2,,8.84,,,9.058,0.695,-0.886
468,SDSSJ160427.39+605055.3,G,0.55913,17.4,det,52.326,19.614,-2.9296917911455735,6,2,,9.04,,,9.365,0.342,-1.384
469,PKS1607+26,G,0.473,18.2,non,54.03,20.803,-0.8950005041459079,41,2,,9.09,,,9.244,0.988,-1.133
470,2MASXJ16090715+1319087,G,0.1836,18.02,non,49.91,17.517,-6.109149675851823,1,0,,,,,,,
471,4C+40.34,G,0.152,17.97,non,,,,11,1,,3.034,-0.884,,,,
472,PKS1614+26,G,0.755467,18.86,det,53.012,20.224,-2.4577270153046187,13,2,,8.86,,,9.346,0.246,-0.794
473,B31614+473,G,0.198625,18.62,non,54.288,21.203,-1.2392678047253403,6,1,,12.696,-0.8,,,,
474,[HB89]1615+029,Q,1.339,18.3,non,56.792,23.803,-1.5485369929022124,11,2,,8.78,,,10.549,0.038,-1.295
475,3C327.1,G,0.462,17.63,non,,18.612,0.47010410700244537,28,1,,4.408,-1.047,,,,
476,PKS1622-253,Q,0.786,17.74,non,56.259,23.037,-0.9044953418228104,21,1,,9.657,0.031,,,,
477,PKS1622-29,Q,0.815,17.7,non,56.109,22.884,-0.9006265525893162,24,1,,10.103,-0.069,,,,
478,SDSSJ162214.34+090419.4,G,0.291792,17.81,non,52.42,19.659,-2.6111824323252435,0,0,,,,,,,
479,CGRaBSJ1623+6624,Q,0.203,18.48,non,,,,27,2,,9.85,,,9.943,0.665,-0.879
480,SDSSJ162318.74+370547.5,G,0.2029,19.05,non,51.158,18.645,-4.630446484833571,0,0,,,,,,,
481,2MASXJ16283902+2527560,Q,0.2199,18.05,non,54.633,21.357,-0.7976639219424053,1,0,,,,,,,
482,3C343,Q,0.988,17.04,non,54.974,21.927,-1.3541043810071087,20,2,,8.48,,,8.776,0.512,-1.006
483,SDSSJ164801.53+222433.3,VisS,0.82266,19.47,det,52.549,19.907,-3.440380970619287,7,1,,11.492,0.213,,,,
484,SDSSJ163844.80+275439.0,G,0.1035,18.53,non,51.125,18.566,-4.172115254914397,1,0,,,,,,,
485,[HB89]1642+690,Q,0.751,18.1,non,,18.948,0.441434637004559,34,1,,9.731,-0.063,,,,
486,2MASXJ16433192+3048356,G,0.184,18.41,non,52.701,20.053,-3.390254615192163,2,0,,,,,,,
487,B31642+458,G,0.2246,17.78,non,54.77,21.523,-0.8551914333279397,8,1,,10.321,-0.446,,,,
488,SDSSJ164516.33+132130.2,G,0.1934,18.13,non,49.532,17.173,-6.61124450056164,1,0,,,,,,,
490,PKS1649-062,G,0.236,18.9,det,,,,12,1,,14.57,-0.831,,,,
491,2MASXJ16524082+2318471,G,0.1623,18.25,non,50.003,17.618,-6.211623012014055,1,0,,,,,,,
492,WISEAJ165547.35+232930.5,G,0.393159,17.82,non,52.271,19.596,-3.194271926814054,0,0,,,,,,,
493,[HB89]1656+053,Q,0.879,17.89,non,56.757,23.605,-1.0647826531936544,23,1,,8.254,-0.339,,,,
494,[HB89]1656+571,Q,1.281,18.15,non,56.596,23.446,-1.0686478456571455,16,1,,10.575,-0.456,,,,
495,PKS1657-298,RadioS,0.42,18.72,det,,,,12,1,,4.482,-0.782,,,,
496,[HB89]1655+077,Q,0.621,18.17,non,55.11,21.742,-0.6456354271686972,28,1,,10.241,-0.106,,,,
497,2MASXJ17072749+2609583,G,0.1125,18.11,non,,,,1,0,,,,,,,
498,2MASXJ17073594+3539500,G,0.164,17.91,non,,,,5,1,,11.914,-0.696,,,,
499,PKS1706+006,G,0.449,17.43,non,,,,11,1,,11.402,-0.385,,,,
500,2MASXJ17081524+2111175,G,0.2241,19.71,det,50.813,18.288,-4.49965457630778,1,0,,,,,,,
501,SDSSJ171523.73+302824.1,R,0.1111,18.41,non,,,,1,0,,,,,,,
502,[HB89]1717+178,Q,0.137,18.48,non,54.382,21.156,-0.8968257457770412,28,2,,10.05,,,9.076,0.806,-0.089
503,2MASXJ17185436+5441486,G,0.147,18.98,det,52.91,20.092,-2.299260990143951,6,1,,24.591,-0.676,,,,
504,[HB89]1719+357,G,0.263,17.91,non,55.017,21.82,-0.9578683214346596,11,2,,8.22,,,10.533,-0.166,-1.413
505,2MASXJ17222364+3201281,G,0.227,18.15,non,52.019,17.143,-0.0200947883458382,1,0,,,,,,,
506,[HB89]1730-130,Q,0.902,17.43,non,56.18,22.914,-0.8191254513923493,30,1,,27.057,-0.093,,,,
507,[HB89]1739+522,Q,1.375,18.04,non,56.687,23.396,-0.7720438154367216,31,2,,9.43,,,8.587,3.883,-0.131
508,PKSB1740-517,G,0.4413,19.0,det,53.613,20.371,-0.8653024436565285,18,2,,8.98,,,8.791,1.471,-0.576
509,B31746+470,Q,1.484,18.91,non,,,,12,2,,10.05,,,9.909,0.993,-0.628
510,[HB89]1749+096,Q,0.32,18.04,non,55.776,22.572,-0.9439252724519706,65,1,,9.015,0.222,,,,
511,[HB89]1749+701,Q,0.77,17.89,non,56.604,23.411,-0.9670989080971326,28,1,,0.395,-0.2,,,,
512,[HB89]1803+784,Q,0.68,17.61,non,56.53,23.343,-0.981347596369354,37,1,,8.722,0.054,,,,
513,COINSJ1815+6127,Q,0.601,18.64,det,,19.213,0.04366901475014741,5,2,,9.16,,,9.787,0.105,-1.708
514,B21814+34,G,0.2448,18.71,det,,,,6,2,,8.42,,,9.964,-0.33,-1.527
515,87GB181948.2+670717,G,0.221,18.19,non,,,,5,2,,9.03,,,8.746,4.824,-1.004
516,4C+39.56,G,0.798,18.22,det,,,,10,2,,8.68,,,9.236,0.206,-1.298
517,2MASXJ18231409+7938486,Q,0.224,19.44,non,54.251,21.027,-0.9015372774965472,9,2,,9.71,,,9.963,0.661,-1.093
518,3C380,Q,0.692,17.26,non,56.25,23.028,-0.904676021282871,46,1,,18.79,-0.694,,,,
519,4C+29.56,G,0.842,19.02,non,,17.889,0.3298514456557772,17,2,,7.97,,,6.771,4.005,-0.232
520,COINSJ1845+3541,G,0.764,19.02,non,,17.349,0.44638900020909095,6,2,,9.53,,,10.214,-0.128,-1.62
521,WISEJ185027.59+282513.2,Q,2.56,18.88,non,57.245,24.117,-1.1237584251497799,30,1,,11.031,0.625,,,,
522,4C+72.26,G,3.532,17.2,non,56.152,23.182,-1.6183338072942712,7,1,,6.518,-1.137,,,,
523,PKS1937-101,Q,3.787,18.11,non,58.105,24.984,-1.1405636099118421,9,2,,8.25,,,7.564,3.536,-0.195
524,PKS1938-15,Q,0.452,17.82,non,,,,23,1,,7.344,-0.794,,,,
525,COINSJ1944+5448,G,0.263,18.69,det,,15.052,1.057447773350864,5,2,,8.8,,,9.499,0.109,-0.889
526,2MASXJ19455354+7055488,G,0.101,18.5,det,,12.837,2.0751014298989086,7,2,,9.44,,,9.157,1.204,-0.624
527,WMAP051,Q,1.223,18.12,det,,,,29,1,,14.49,-0.261,,,,
528,[HB89]2000-330,Q,3.773,18.98,non,57.408,24.233,-1.0079809833951336,17,2,,10.37,,,10.405,0.871,-0.883
529,WISEJ200728.76+660722.5,Q,1.325,18.15,non,55.12,22.313,-2.353400539414741,11,1,,11.095,-0.132,,,,
530,PKS2008-068,G,0.547,17.48,non,53.669,20.563,-1.1820211046573603,26,2,,9.3,,,9.978,0.122,-1.26
531,CGRaBSJ2022+6136,G,0.227,17.56,non,,17.085,0.4168123631582757,38,2,,9.7,,,9.917,0.506,-0.719
532,MRC2024-217,Q,0.459,18.51,non,55.195,21.769,-0.565485845854985,10,1,,6.266,-0.735,,,,
533,WISEJ202206.68+613658.8,G,0.227,17.44,non,,17.085,0.4168123631582757,38,2,,9.7,,,9.917,0.506,-0.719
534,DA529,G,0.355,18.86,det,,,,13,2,,9.31,,,9.575,0.511,-1.131
535,4C+05.78,G,1.381,18.16,non,,,,10,2,,8.93,,,8.868,1.14,-0.989
536,PKS2121-01,Q,1.158,16.97,non,,,,11,1,,8.354,-0.853,,,,
537,3C433,G,0.1016,18.36,det,,16.39,0.5693563069253147,40,1,,-0.514,-0.828,,,,
538,[HB89]2126-158,Q,3.268,18.86,non,58.12,24.862,-0.8342711907093707,25,2,,10.4,,,10.238,1.226,-0.596
539,PKS2127+04,G,0.99,18.32,non,54.573,21.279,-0.7656029772132585,30,2,,9.19,,,9.387,0.608,-0.897
540,[HB89]2128-123,Q,0.501,17.77,non,56.359,23.17,-0.9753558137657871,34,1,,8.784,0.041,,,,
541,[HB89]2135-147,Q,0.22,18.71,non,55.523,22.392,-1.1172318536788526,22,1,,5.392,-0.917,,,,
542,PKS2135-20,G,0.63634,18.05,non,52.785,19.05,-0.27823328993345836,19,1,,7.488,-0.644,,,,
543,[HB89]2140-048,Q,0.344,18.15,non,55.913,22.784,-1.119498907645433,11,1,,2.274,-0.368,,,,
544,[HB89]2145+067,Q,0.99,17.83,non,57.203,24.005,-0.9578408964305735,49,1,,8.94,0.082,,,,
545,WISEAJ214711.37+012833.3,G,0.88111,17.87,non,,,,3,1,,3.011,-0.812,,,,
546,PKS2149+056,G,0.74,18.38,non,,,,23,2,,9.85,,,9.66,1.145,-0.651
547,MRC2156-245,Q,0.862,18.73,det,,,,6,1,,7.604,-0.741,,,,
548,[HB89]2155-152,Q,0.672,17.63,non,55.687,22.471,-0.9157519274289249,32,1,,13.575,-0.11,,,,
549,MRC2201-272,G,0.93,18.16,non,,,,5,1,,4.703,-0.789,,,,
550,[HB89]2201+315,Q,0.295,17.68,non,55.96,22.848,-1.1646375051074285,30,1,,9.578,-0.023,,,,
551,SDSSJ221029.66+010843.7,G,0.744365,17.8,non,54.512,21.423,-1.227565086377522,0,0,,,,,,,
552,MRC2213-283,Q,0.948,18.44,non,,,,7,1,,-1.026,-0.986,,,,
553,PKS2215+02,Q,3.572,17.57,non,56.688,23.535,-1.059206675607659,10,1,,11.478,-0.396,,,,
554,[HB89]2216-038,Q,0.901,18.08,non,56.591,23.501,-1.225945615855193,34,1,,9.883,-0.078,,,,
557,WISEJ223036.17+694628.1,Q,1.413,18.49,non,,,,9,2,,9.27,,,10.722,-1.448,0.062
558,[HB89]2230+114,Q,1.037,17.04,non,56.875,23.645,-0.8895561730018916,55,2,,8.41,,,8.688,0.62,-0.326
559,MRC2232-232,G,0.87,18.11,non,,,,8,1,,6.886,-0.77,,,,
560,[HB89]2234+282,Q,0.795,18.32,non,56.059,22.829,-0.8871752165757277,26,2,,10.13,,,9.866,0.61,-0.289
561,MRC2236-264,G,0.43,18.56,non,,,,7,1,,0.7,-0.693,,,,
562,MRC2240-260,Q,0.774,18.11,non,56.366,23.16,-0.9380190142883393,20,1,,15.981,-0.29,,,,
563,NVSSJ224500-343030,R,0.3562,18.08,det,,,,3,1,,7.695,-0.476,,,,
564,3C454,Q,1.757,17.38,non,56.054,22.921,-1.1121165535866486,21,1,,2.278,-0.771,,,,
565,[HB89]2247+140,Q,0.23463,18.09,non,54.965,21.996,-1.6190195973922,23,1,,6.406,-0.532,,,,
566,PKS2252-089,Q,0.6064,19.3,det,54.295,21.042,-0.8415606485670376,10,2,,8.57,,,9.398,0.094,-0.642
567,[HB89]2253+417,Q,1.476,18.11,non,,,,12,2,,9.8,,,9.212,1.264,-0.321
568,MRC2254-248,G,0.54,17.86,non,,,,9,1,,6.84,-0.667,,,,
569,PKS2251+006,Q,0.938829,17.49,non,55.559,22.158,-0.6002302556094985,12,1,,12.575,-0.321,,,,
570,3C455,Q,0.543,17.62,det,54.825,21.717,-1.1759338746711099,22,1,,2.323,-0.873,,,,
571,PKS2300-18,G,0.128929,17.85,non,54.683,21.426,-0.834541308097017,16,1,,10.247,-0.503,,,,
572,MRC2311-222,G,0.434,18.11,non,,,,6,1,,5.303,-0.674,,,,
573,WISEJ231147.40+454356.1,Q,1.447,18.59,non,,,,9,2,,10.31,,,10.684,0.329,-1.05
574,MRC2313-277,G,0.614,18.3,non,,,,6,1,,3.089,-0.881,,,,
575,3C459,G,0.22012,17.2,non,54.198,21.168,-1.4084864190842188,28,1,,3.891,-0.985,,,,
576,3C459,G,0.2199,17.85,det,54.197,21.167,-1.4084864190842186,28,1,,3.891,-0.985,,,,
577,PKS2318-087,V,3.1639,19.3,non,56.639,23.293,-0.6803998359824455,9,1,,12.651,-0.292,,,,
578,B32319+444,Q,1.31,18.28,non,,,,14,1,,9.714,-0.015,,,,
579,3C460,G,0.268,18.28,non,,15.831,0.8567538188047467,16,1,,5.77,-0.923,,,,
580,B32323+435A,G,0.145,17.92,non,,,,11,1,,6.389,-0.433,,,,
581,B22327+39,Q,3.094,17.51,non,,19.344,0.2564783643398819,5,1,,19.085,-0.952,,,,
582,PKS2331-41,G,0.907,17.65,non,,,,20,1,,6.521,-0.963,,,,
583,CGRaBSJ2236+7322,Q,1.345,18.26,non,,,,6,2,,9.47,,,10.421,0.115,-0.938
584,MRC2338-290,Q,0.449,19.29,non,55.493,22.243,-0.8488814289463507,6,1,,43.385,-0.661,,,,
585,MRC2338-233,Q,0.715,18.64,non,56.177,23.144,-1.3990836229077752,6,1,,4.523,-0.714,,,,
586,PKS2338+000,G,0.309264,19.23,det,54.891,21.581,-0.7387241956759746,9,1,,1.166,-0.453,,,,
587,WISEAJ233913.22-552350.8,Q,1.3531,18.83,det,57.69,24.574,-1.1572629044203429,6,1,,-4.499,-0.446,,,,
588,MRC2340-219,G,0.776,18.83,non,,,,8,1,,4.897,-0.951,,,,
589,MRC2343-243,G,0.6,18.6,non,,,,9,1,,12.988,-0.811,,,,
590,[HB89]2342+821,Q,0.735,17.85,non,,,,18,2,,8.78,,,8.896,0.646,-0.696
591,[HB89]2344+092,Q,0.677,17.6,non,55.775,22.444,-0.7039840171321754,36,2,,7.85,,,8.502,0.361,-0.322
592,MRC2348-235,G,0.952,18.6,non,,,,7,1,,-12.409,-0.894,,,,
593,[HB89]2351-154,Q,2.668,0.0,non,57.079,23.872,-0.9376020416219699,14,1,,484.479,-0.087,,,,
594,COINSJ2355+4950,G,0.2379,18.45,det,,15.633,0.6987564196809581,30,2,,9.03,,,9.287,0.419,-0.792
595,BZUJ2356+8152,Q,1.34,18.2,non,,,,11,1,,9.665,-0.021,,,,
596,B22356+39,Q,1.198,17.88,non,,,,11,1,,10.12,-0.276,,,,
